meaning,count,attribute
곳,8597,0
다음,6392,0
내리다,5617,15
차내리다,5083,0
도착,4073,15
저기,3881,0
가다,3491,0
맞다,2668,17
방법,1769,0
지하철,1767,0
실종,1740,0
무엇,1684,15
전,1601,0
안되다,1415,15
길,1359,0
버스,1311,0
여기,1260,15
목적,1215,0
잃어버리다,1182,0
찾다,1088,0
보다,1060,0
카드,1034,0
사용,864,0
없다,795,15
에어컨,736,48
오케이,672,0
고장,669,0
나사렛,621,16
샛길,582,0
택시,560,0
불량,559,0
신호등,555,0
잘,480,0
공항,462,0
불가능,455,0
단말기터치,455,0
은행,446,0
우회전,443,2
명동,442,0
확인,438,0
건너다,433,0
사거리,426,0
자판기,416,0
좌회전,414,0
돈,413,80
경찰,384,0
기차,379,0
지름길,377,0
병원,375,0
물품보관,374,0
죽다,368,0
시청,368,16
종로,367,0
송파,366,0
되다,356,2
시간,355,0
여의도,353,0
언덕,352,0
켜다,352,0
한국농아인협회,350,16
학교,344,0
청음회관,336,16
서울대학교,336,0
보건소,336,0
119,335,0
사라지다,334,0
갈아타다,330,0
이화여대,320,0
편지,320,0
서대문농아인복지관,320,16
터널,320,0
대로,320,0
육교,320,0
서울농아인협회,320,16
백화점,320,0
맥도날드,320,0
군청,319,0
차,319,0
가능,317,15
아이,305,0
파리바게트,304,0
영등포,303,0
가방,302,0
손바닥찍다,300,0
곳곳,295,15
스타벅스,288,0
끄다,288,0
이마트,288,0
3,273,0
난방,272,16
빨리,269,15
우산,256,0
지갑,256,0
아파트,256,0
열쇠,255,0
원하다,255,0
안,246,0
유턴,240,0
영수증,240,0
1호,240,15
있다,238,14
지금,223,0
핸드폰,208,0
엘리베이터,207,0
접근,207,0
서울역,197,0
뒤,192,0
트렁크열다,185,0
다시,181,13
유리,180,0
물건,175,0
번호,173,0
고속터미널,166,0
올리다,160,0
공기청정기,160,0
차밀리다,160,16
계단,154,0
응급실,150,0
약,145,0
따뜻하다,144,0
사진기,144,0
알려주다,132,0
다르다,128,0
반지,128,0
시계,128,0
노트북,128,0
괜찮다,128,15
계산,128,0
9호,128,15
필요,127,15
편의점,126,0
주차,125,0
떨어지다,120,0
도움받다,120,0
춥다,113,0
엉덩이,112,0
얼마,112,0
문,112,0
의자,112,0
뼈곳,109,0
가깝다,107,0
알려받다,105,0
받다,98,0
급하다,97,15
짐,96,0
꺼지다,96,0
안내소,96,0
기다리다,96,0
들어올리다,94,0
사다,94,0
쓰러지다,93,0
화장실,93,0
고속,92,0
안내하다,90,0
걷다,87,0
12,82,0
알다,81,30
설명,81,0
10분,81,0
부르다,81,0
회의실,80,0
천안아산역,80,0
보청기,80,0
몇호,80,1
몇분,80,1
나,78,15
지도,77,0
돈주다,76,0
서울,75,0
철로,75,0
지연되다,75,0
표,66,15
안전벨트,65,0
8호,64,0
기본,64,0
차두다,64,0
막히다,64,0
만원,64,15
함구,64,0
근근이,64,0
결점,64,0
안경,64,0
틀리다,64,0
유구무언,64,0
불편하다,64,16
얕보다,64,0
뻔뻔,63,0
어렵다,63,0
좋다,63,15
어린이집,62,0
결심,62,0
남다,62,0
첫차,61,0
교환하다,61,0
문안열리다,60,0
정기권,60,0
나르다,60,0
타다,60,15
잘못하다,59,0
또,59,0
충전,59,0
바꾸다,57,0
왼쪽,52,15
주다,52,0
딱,50,0
5분,50,0
충무로,50,0
을지로,50,0
오른쪽,50,15
1,49,0
역무원,49,0
3시,49,0
1시,49,0
1회,49,0
격노,49,0
아프다,48,0
아직,48,0
천호,48,0
욕하다,48,0
냄새,48,0
내뱉다,48,0
판박이,48,0
맥없다,48,0
지불하다,48,0
무자비,48,0
순식간,48,0
운전,48,0
틈,48,0
포기,48,0
모르다,48,0
12시,48,0
40분,48,0
봐주다,48,0
아하,48,0
대출,48,0
아부,48,0
당신,48,0
화나다,48,16
빌리다,48,0
놀랍다,48,0
무례,47,0
잠깐,47,0
신촌,47,0
거만,47,0
힘들다,47,0
폐업,47,0
약수,47,0
의문,47,0
돕다,47,0
1시간,47,0
돈받다,46,0
거지,46,0
사람,46,0
막차,46,0
천천히,45,0
교통카드,45,0
꼿다,45,0
야단치다,45,0
배려,45,0
전화걸다,45,0
국립박물관,45,0
도와주다,45,0
밉다,45,0
오천원,45,15
초대,44,0
째려보다,44,0
자다,44,0
때리다,44,0
뚱뚱하다,44,0
검사,41,0
어떻게,39,15
잘못,37,0
충정로,34,0
분당,34,0
선정릉,34,0
대학로,34,0
강요,33,0
동대문,33,0
왕십리,33,0
까치산,33,0
종로3가,33,0
노원,33,0
끝,33,0
도봉산,33,0
첫째,33,0
동작,33,0
청량리,33,0
밤,33,0
이태원,33,0
반대,33,0
5호,32,0
대물림,32,0
추가,32,0
연구,32,0
카페,32,0
체온,32,0
형편없다,32,0
팔,32,0
대박,32,0
기피하다,32,0
보이다,32,0
인색하다,32,0
내역,32,0
유치하다,32,0
의혹,32,0
난감하다,32,0
음주운전,32,0
더디다,32,0
제발,32,0
수고,32,0
경남농아인협회,32,0
대들다,32,0
한달,32,0
일요일,32,0
재량,32,0
항상,32,15
뽐내다,32,0
일어나다,32,0
일시불,32,0
퇴사,32,0
돈얼마,32,16
끊다,32,0
50분,32,0
일출,32,0
험담,32,0
신분증,32,15
겸임,32,0
신고,32,0
일몰,32,0
알아차리다,32,0
불경,32,0
적격,32,0
하늘,32,0
장마,32,0
늦다,32,0
상상,32,0
표리부동,32,0
동상이몽,32,0
어지럽다,32,0
배,32,0
조심,32,0
양자택일,32,0
2호,32,15
무시하다,32,0
달변,32,0
찔리다,32,0
공범,32,0
자전거,32,0
아니다,32,16
탕진,32,0
십,32,0
심하다,32,0
강남,32,0
원래,32,15
그만,32,0
약속,32,0
솔직히,32,0
회복,32,0
배고프다,32,0
뜻밖,32,0
아기,32,0
뛰어나다,32,0
하나,32,0
이천,32,0
위인,32,0
필요없다,32,16
잠실,32,0
해하다,32,0
십억,32,0
3호,32,0
똑똑하다,32,0
귀엽다,31,0
눈,31,0
공식,31,0
우습다,31,0
당황,31,0
평가,31,0
중독,31,0
충분하다,31,15
복습,31,0
맹세,31,0
직인,31,0
불신,31,0
비상식적,31,0
대략,31,0
예민,31,0
들키다,31,0
충분,31,0
사별,31,0
갈색,31,0
독특,31,0
안타깝다,31,0
황소고집,31,0
못하다,31,0
횡단보도,31,0
감옥,31,0
구조,31,0
용산역,30,0
카톡보내다,30,0
전문,30,0
발생하다,30,15
서구지부,30,0
귀찮다,30,0
중구지부,30,0
장애인복지카드,30,15
세뇌,30,0
중구주민지원센터,30,0
집중,30,0
여자,30,0
마포대교,30,0
의미,30,0
옷가게,30,0
누적사용,30,0
문자보내다,30,0
서구주민지원센터,30,0
오다오다,30,0
남자,30,0
달래다,30,0
고난이도,30,0
차따라가다,30,15
서다,30,0
위아래,30,0
문자받다,30,0
밀거래,30,0
주세요,30,0
무덤덤,30,0
어린이교통카드,30,0
트렁크닫다,30,0
후,30,0
미리,30,0
결승전,30,0
무식,30,0
신분당,30,0
남녀,30,0
위험,30,15
잠실대교,30,0
실수하다,30,14
견습,30,0
해보다,30,0
그남자,30,0
지하철오다,30,0
싫다,30,0
신기,30,0
알아서,30,0
4사람,30,14
중구수어통역센터,29,0
살인,29,0
서구수어통역센터,29,0
담당,29,0
떨다,29,0
몸,29,0
우유,29,0
도로,25,0
쥐,24,0
포천,23,0
1달,21,0
여기로,20,0
느리다,19,0
위,19,0
다리,19,0
어디,19,0
저,19,0
4명,19,0
빠르다,19,0
첫번째,19,0
난계로,18,0
난곡로,18,0
48분,18,0
10km,18,0
금정구수어통역센터,18,0
낙성대역길,18,0
강화군수어통역센터,18,0
김상옥로,18,0
창피하다,18,0
오다,18,0
걱정,18,0
휴학,18,0
상주시청,18,0
양산길,18,0
장애인,18,0
가락로,18,0
마포대로,18,0
금낭화로,18,0
상암로,18,0
은행나무로,18,0
형촌길,18,0
실수,18,0
마지막,18,0
속초시청,18,0
방화대로,18,0
영등포시장,17,0
당진시지부,17,0
도산대로,17,0
도봉산길,17,0
당산,17,0
도산공원,17,0
당산로,17,0
월드컵북로,17,0
도봉로,17,0
새정길,17,0
이대,17,0
원신길,17,0
의상봉길,17,0
원터길,17,0
지봉로,17,0
새원길,17,0
대사관로,17,0
도곡,17,0
대서문길,17,0
원효로,17,0
월계로,17,0
부광로,17,0
백육십구,17,0
대장로,17,0
진관길,17,0
덕수궁길,17,0
봉화산로,17,0
월곡로,17,0
덕수궁,17,0
대학길,17,0
의사당대로,17,0
백운길,17,0
대흥로,17,0
대방천로,17,0
도곡로,17,0
도구로,17,0
새말로,17,0
대곡,17,0
월드컵로,17,0
진흥로,17,0
진황도로,17,0
원인재,17,0
영신로,17,0
새문안로,17,0
도림천로,17,0
도당로,17,0
도림로,17,0
응암로,17,0
대림,17,0
대림로,17,0
덕릉로,17,0
지양로,17,0
대명길,17,0
상일로,17,0
자양강변길,17,0
당곡길,17,0
위례창곡천로,17,0
벚꽃로,17,0
법원로,17,0
천중로,17,0
넷째,17,0
천장산로,17,0
법원단지길,17,0
범안로,17,0
벌말로,17,0
천왕로,17,0
노들로,17,0
서부샛길,17,0
노량진로,17,0
서림길,17,0
영등포로,17,0
보신각,17,0
서리풀길,17,0
위례순환로,17,0
서래로,17,0
서대문형무소,17,0
버드나루로,17,0
노원로,17,0
육십구,17,0
위례송하로,17,0
노해로,17,0
연희로,17,0
녹번로,17,0
벨기에,17,0
보문사길,17,0
천호대로,17,0
천호옛길,17,0
청뜰로,17,0
청두곶길,17,0
청도군지부,17,0
보광로,17,0
서울광장,17,0
청구로,17,0
청구,17,0
청계천로,17,0
남한산성,17,0
보국문로,17,0
청계천,17,0
청계산로,17,0
보라매로,17,0
남현길,17,0
유엔빌리지길,17,0
보령시청,17,0
보문,17,0
서운로,17,0
서오릉로,17,0
서애로,17,0
유통단지길,17,0
서순라길,17,0
철면피,17,0
보문로,17,0
서소문로,17,0
위례송파로,17,0
녹사평대로,17,0
서달로,17,0
다동길,17,0
윤보선길,17,0
창경궁로,17,0
율곡로,17,0
서강대길,17,0
참숯길,17,0
다섯째,17,0
백제고분로,17,0
은천로,17,0
봉우재로,17,0
영덕군주민지원센터,17,0
봉원사길,17,0
봉은사,17,0
영덕군지부,17,0
샘마루길,17,0
은평로,17,0
은평터널로,17,0
영동대로,17,0
새파래지다,17,0
봉은사로,17,0
달서구주민지원센터,17,0
은행정로,17,0
봉작길,17,0
영등포구지부,17,0
봉천로,17,0
답십리로,17,0
본마을길,17,0
서강로,17,0
보은군지부,17,0
월정로,17,0
논현로,17,0
위례성대로,17,0
채팅,17,0
위례서로,17,0
위례북로,17,0
열째,17,0
창포원로,17,0
창전로,17,0
창의문로,17,0
누원로,17,0
위례대로,17,0
염곡말길,17,0
염곡안길,17,0
위례광장로,17,0
창신길,17,0
창동,17,0
창덕궁길,17,0
능동로,17,0
창덕궁,17,0
능선길,17,0
서경로,17,0
부일로,17,0
복은길,17,0
능안말길,17,0
복정,17,0
워커힐로,17,0
중대로,17,0
영중로,17,0
전쟁기념관,17,0
전원말길,17,0
만양로,17,0
인헌길,17,0
사평대로,17,0
전농로,17,0
말해주다,17,0
오이도,17,0
용마산로,17,0
망우,17,0
오정로,17,0
망원로,17,0
일곱째,17,0
사직로,17,0
오줌,17,0
매봉길,17,0
매봉로,17,0
매봉산로,17,0
매헌로,17,0
사임당로,17,0
용답중앙길,17,0
용답길,17,0
사인,17,0
오패산로,17,0
오현로,17,0
옥수,17,0
옥인길,17,0
장한로,17,0
전원말안길,17,0
용왕정길,17,0
장터길,17,0
바람드리길,17,0
인사동,17,0
마곡동로,17,0
마곡서로,17,0
인사동길,17,0
제기로,17,0
정자,17,0
마들로,17,0
정의로,17,0
마방로,17,0
삼개로,17,0
마산시지부,17,0
삼각지,17,0
삼각산로,17,0
정릉천동로,17,0
정릉로,17,0
정동길,17,0
비봉길,17,0
마장로,17,0
인수봉로,17,0
마조로,17,0
바우뫼로,17,0
인왕산,17,0
청룡길,17,0
살곶이길,17,0
인왕산로,17,0
마포나루길,17,0
인왕시장길,17,0
일원로,17,0
장충단로,17,0
백설기,17,0
장승배기로,17,0
장문로,17,0
올림픽로,17,0
문래북로,17,0
와룡공원길,17,0
와우산로,17,0
장군봉길,17,0
잠원로,17,0
잠실로,17,0
자가용,17,0
무교로,17,0
자곡로,17,0
자동차시장길,17,0
외대역동로,17,0
무학봉길,17,0
잔다리로,17,0
사백만,17,0
완주군지부,17,0
왕산로,17,0
무학로,17,0
자하문로,17,0
왕십리광장로,17,0
왕십리로,17,0
사당,17,0
자유로,17,0
무안군주민지원센터,17,0
자양번영로,17,0
사당로,17,0
문성로,17,0
장안벚꽃로,17,0
사십팔,17,0
목동중앙서로,17,0
명달로,17,0
미성길,17,0
명동길,17,0
장위로,17,0
사가정로,17,0
명륜길,17,0
장월로,17,0
명물길,17,0
미금,17,0
명일로,17,0
임정로,17,0
명지길,17,0
문화촌길,17,0
온수,17,0
사근동길,17,0
문정로,17,0
모란,17,0
모래내로,17,0
잊다,17,0
목동남로,17,0
목동동로,17,0
목동로,17,0
목동서로,17,0
목동중앙남로,17,0
목동중앙로,17,0
목동중앙본로,17,0
목동중앙북로,17,0
마곡나루,17,0
러시아,17,0
용인시청,17,0
상계로,17,0
영화사로,17,0
중림로,17,0
중랑천로,17,0
중랑역로,17,0
삼학사로,17,0
삼청로,17,0
백범로,17,0
삼청동,17,0
백련산로,17,0
백련사길,17,0
분당수서로,17,0
중랑,17,0
운현궁,17,0
불광,17,0
자양로,17,0
동광로,17,0
동교로,17,0
동구지부,17,0
동남로,17,0
불광로,17,0
불광천길,17,0
중고개길,17,0
중계로,17,0
동대문디자인플라자,17,0
동대문역사문화공원,17,0
우현로,17,0
주흥길,17,0
북한산성,17,0
북한산로,17,0
오목로,17,0
백사십구,17,0
도영로,17,0
백석동길,17,0
이매,17,0
이문로,17,0
백삼십,17,0
상봉로,17,0
도화길,17,0
북아현로,17,0
증원,17,0
독립문,17,0
독립문공원길,17,0
독립문로,17,0
북악산로,17,0
독막로,17,0
증산서길,17,0
증산로,17,0
독산로,17,0
상봉,17,0
증가로,17,0
독서당로,17,0
북촌로,17,0
북촌한옥마을,17,0
영천시장길,17,0
상도로,17,0
중앙로,17,0
중앙길,17,0
북한산,17,0
동마길,17,0
동망산길,17,0
동묘앞,17,0
동부간선로,17,0
등촌로,17,0
방배중앙로,17,0
방배선행길,17,0
삼성로,17,0
조정대로,17,0
방배로,17,0
디지털로,17,0
디지털미디어시티,17,0
이태원로,17,0
이화여대길,17,0
조원중앙로,17,0
조원로,17,0
밤골길,17,0
밤고개로,17,0
삼선교로,17,0
삼봉로,17,0
오류로,17,0
이화장길,17,0
오리로,17,0
발산로,17,0
우사단로,17,0
뚝섬로,17,0
익선동한옥마을,17,0
우면산로,17,0
우마길,17,0
반포대로,17,0
삼백억,17,0
삼성산길,17,0
등용로,17,0
방배천로,17,0
종암로,17,0
동산로,17,0
동소문로,17,0
동순라길,17,0
동숭길,17,0
동일로,17,0
삼전로,17,0
주안,17,0
동작대로,17,0
동호로,17,0
예술의전당,17,0
삼양로,17,0
우정국로,17,0
종묘,17,0
오금로,17,0
두텁바위로,17,0
둘레길,17,0
방학로,17,0
우장산로,17,0
둘째,17,0
우이천로,17,0
종로구수어통역센터,17,0
방울내로,17,0
이촌,17,0
삼십억,17,0
이촌로,17,0
오금,17,0
마포구수어통역센터,17,0
난우길,17,0
청룡마을길,17,0
5월,17,0
5시,17,0
학동로,17,0
애착,17,0
계동길,17,0
5시간,17,0
경희대로,17,0
5일,17,0
5명,17,0
경희궁길,17,0
경희궁,17,0
경춘북로,17,0
흑석한강로,17,0
5호선,17,0
한가람로,17,0
계양,17,0
하정로,17,0
43분,17,0
고려대로,17,0
57분,17,0
고미술로,17,0
고무래로,17,0
하늘공원,17,0
하늘공원로,17,0
하늘길,17,0
58분,17,0
하옵째,17,0
59분,17,0
시루봉로,17,0
5km,17,0
고덕로,17,0
5년,17,0
5달,17,0
5회,17,0
6,17,0
60분,17,0
한글비석로,17,0
6시15분,17,0
6시간,17,0
6월,17,0
6일,17,0
경복궁,17,0
경리단길,17,0
한남대로,17,0
60회,17,0
한내로,17,0
식유촌길,17,0
한림말길,17,0
경기도,17,0
경기대로,17,0
한빛로,17,0
암사길,17,0
6시,17,0
6살,17,0
청룡중앙길,17,0
시흥대로,17,0
6분,17,0
압구정로,17,0
6명,17,0
6달,17,0
한강시민공원,17,0
6년,17,0
경서로,17,0
경인로,17,0
한강대로,17,0
65살,17,0
한강난지로,17,0
한강공원,17,0
56분,17,0
55분,17,0
고산길,17,0
4시,17,0
양원역로,17,0
4년,17,0
숙선옹주로,17,0
4달,17,0
4분,17,0
팔판길,17,0
공항대로,17,0
5,17,0
4시간,17,0
4월,17,0
4일,17,0
4호선,17,0
양산시지부,17,0
공원로,17,0
과천대로,17,0
4km,17,0
47분,17,0
수표로,17,0
양재,17,0
양재대로,17,0
양재천로,17,0
효창원로,17,0
수유로,17,0
관악로,17,0
관악산,17,0
관천로,17,0
광나루로,17,0
광남로,17,0
45분,17,0
양천로,17,0
44회,17,0
4회,17,0
평창길,17,0
55000,17,0
필동로,17,0
풍산로,17,0
풍성로,17,0
약령중앙로,17,0
피마길,17,0
약령시로,17,0
약령서길,17,0
약령동길,17,0
평창문화로,17,0
필운대로,17,0
고성시수어통역센터,17,0
승방길,17,0
고성군주민지원센터,17,0
54분,17,0
고산자로,17,0
풍물시장,17,0
53분,17,0
고척로,17,0
약수암길,17,0
숭인로,17,0
숭인동길,17,0
숭문길,17,0
숭례문,17,0
52분,17,0
포은로,17,0
포방터길,17,0
곰달래로,17,0
양녕로,17,0
51분,17,0
50km,17,0
공덕,17,0
공릉로,17,0
경교장길,17,0
한천로,17,0
겸재로,17,0
강남순환로,17,0
신흥말길,17,0
신흥안길,17,0
8호선,17,0
8회,17,0
강동대로,17,0
강남초등길,17,0
9,17,0
환일길,17,0
9년,17,0
강남대로,17,0
9달,17,0
9명,17,0
감일남로,17,0
감이남로,17,0
신흥로,17,0
8월,17,0
강변북로,17,0
강변역로,17,0
8시간,17,0
화랑로,17,0
8시,17,0
화곡로,17,0
화계사길,17,0
8분,17,0
안암로,17,0
흑석로,17,0
강서로,17,0
신풍로,17,0
홍지문길,17,0
홍제천로,17,0
홍제원길,17,0
9분,17,0
황물로,17,0
8명,17,0
가산디지털단지,17,0
가양대로,17,0
횡성군수어통역센터,17,0
아차산로,17,0
가락시장,17,0
가람길,17,0
가산로,17,0
효령로,17,0
9시,17,0
효산공원앞,17,0
가래여울길,17,0
효자로,17,0
효창목길,17,0
가마산로,17,0
후암로,17,0
가엾다,17,0
가재울로,17,0
가재울미래로,17,0
휘경로,17,0
N서울타워,17,0
가좌로,17,0
쑥고개로,17,0
9회,17,0
9호선,17,0
9월,17,0
9시간,17,0
회룡,17,0
회나무로,17,0
간호대로,17,0
회기로,17,0
회기,17,0
갈현로,17,0
홍제내길,17,0
홍익로,17,0
6호선,17,0
신목로,17,0
해등로,17,0
해방촌,17,0
7분,17,0
신림동길,17,0
검암,17,0
신림로,17,0
행당로,17,0
신설동,17,0
신반포로,17,0
행운길,17,0
허준로,17,0
헌릉로,17,0
헌인릉길,17,0
7시,17,0
신도림로,17,0
신도림,17,0
신대방길,17,0
신당,17,0
항동로,17,0
신내역로,17,0
합정,17,0
7명,17,0
7달,17,0
7년,17,0
신내로,17,0
신내,17,0
7,17,0
신길로,17,0
신길,17,0
알마타길,17,0
6회,17,0
신사로,17,0
신수로,17,0
8달,17,0
홍대,17,0
신정중앙로,17,0
개포로,17,0
8,17,0
개운사길,17,0
개봉로,17,0
8km,17,0
홍릉로,17,0
7시2분,17,0
홍성군지부,17,0
신촌로,17,0
8년,17,0
홍씨마을길,17,0
홍연길,17,0
신촌역로,17,0
개화길,17,0
개화동로,17,0
거마로,17,0
호암로,17,0
신정로,17,0
거북골로,17,0
7회,17,0
신이문로,17,0
혜화로,17,0
7호선,17,0
신월로,17,0
7일,17,0
신원로,17,0
신우길,17,0
7월,17,0
안양천로,17,0
7시간,17,0
44분,17,0
46분,17,0
42분,17,0
18살,17,0
여의서로,17,0
성림길,17,0
성미산로,17,0
14분,17,0
금호산길,17,0
15분,17,0
16분,17,0
금호로,17,0
금하로,17,0
금포로,17,0
17분,17,0
여의동로,17,0
18분,17,0
여의도공원,17,0
여의대방로,17,0
성동구주민지원센터,17,0
13살,17,0
성덕정길,17,0
12월,17,0
아리수로,17,0
긴고랑로,17,0
12분,17,0
기흥,17,0
12시간,17,0
성남대로,17,0
1350,17,0
충신길,17,0
충민로,17,0
성내로,17,0
기아로,17,0
성내천로,17,0
13분,17,0
성대로,17,0
여의대로,17,0
성북로,17,0
길음로,17,0
성산로,17,0
성중길,17,0
성지길,17,0
칠백억,17,0
성촌길,17,0
21분,17,0
성현로,17,0
세검정로,17,0
22분,17,0
23분,17,0
세무서길,17,0
흥천사길,17,0
세빛섬,17,0
24분,17,0
굴레방로,17,0
군포시청,17,0
20분,17,0
2,17,0
1호선,17,0
금오로,17,0
19분,17,0
1년,17,0
금정,17,0
성수이로,17,0
성수일로,17,0
성신여대입구,17,0
여의나루로,17,0
1일,17,0
여의공원로,17,0
성안로,17,0
성암로,17,0
1명,17,0
1분,17,0
1월,17,0
성균관로,17,0
12달,17,0
세종대로,17,0
서초중앙로,17,0
연서로,17,0
연무장길,17,0
10년,17,0
청파로,17,0
낙성대로,17,0
낙산길,17,0
낙산공원,17,0
체감,17,0
10달,17,0
10명,17,0
아리랑로,17,0
체험,17,0
연동로,17,0
초광로,17,0
나루터로,17,0
102900,17,0
난지캠핑장,17,0
난향길,17,0
남대문시장길,17,0
남산공원길,17,0
남산공원,17,0
청림길,17,0
서울랜드,17,0
희우정로,17,0
서울숲길,17,0
서울시립대로,17,0
서원길,17,0
남대문로,17,0
10,17,0
연신내,17,0
청와대,17,0
청와대로,17,0
연세로,17,0
서초대로,17,0
서해안로,17,0
12년,17,0
초록마을로,17,0
11,17,0
11년,17,0
선유로,17,0
11달,17,0
11분,17,0
총신대입구,17,0
11시,17,0
선유서로,17,0
선잠로,17,0
11시간,17,0
11월,17,0
1250,17,0
역삼로,17,0
섬밭로,17,0
역말로,17,0
10회,17,0
선사로,17,0
까치산로,17,0
초원로,17,0
10시,17,0
10시간,17,0
석계,17,0
석계로,17,0
연대동문길,17,0
초안산로,17,0
초지,17,0
10월,17,0
석촌,17,0
석촌호수,17,0
석촌호수로,17,0
연남로,17,0
선릉,17,0
선릉로,17,0
24살,17,0
여섯째,17,0
25분,17,0
26분,17,0
송정길,17,0
송이로,17,0
송월길,17,0
토정로,17,0
토성로,17,0
송림길,17,0
테헤란로,17,0
송동길,17,0
3분,17,0
3명,17,0
어울마당로,17,0
태흥길,17,0
구로동로,17,0
구룡길,17,0
38분,17,0
3달,17,0
태봉로,17,0
솔샘로,17,0
태릉입구,17,0
솔밭로,17,0
탑성말길,17,0
탑골로,17,0
솔매로,17,0
언남길,17,0
손기정로,17,0
탄천동로,17,0
3년,17,0
언주로,17,0
3시간,17,0
통인시장,17,0
통일로,17,0
송정로,17,0
수색로,17,0
41분,17,0
광성로,17,0
광신길,17,0
4,17,0
수명로,17,0
광운대,17,0
광운로,17,0
광장로,17,0
광장시장,17,0
판교,17,0
양평로,17,0
3회,17,0
수락산로,17,0
3호선,17,0
양화로,17,0
양화진길,17,0
3일,17,0
광평로,17,0
송파대로,17,0
송파나루길,17,0
교기,17,0
교대,17,0
송파나루공원,17,0
3월,17,0
퇴계로,17,0
송죽길,17,0
39분,17,0
구로중앙로,17,0
3800,17,0
국립민속박물관,17,0
국립중앙박물관,17,0
국사봉길,17,0
31분,17,0
소등,17,0
30분,17,0
흥인지문,17,0
2회,17,0
국제금융로,17,0
국회단지길,17,0
국회대로,17,0
소공로,17,0
2호선,17,0
셋째,17,0
2일,17,0
2월,17,0
군산시청,17,0
칠패로,17,0
2시간,17,0
여덞째,17,0
2시,17,0
군자,17,0
군자로,17,0
2분,17,0
2명,17,0
2달,17,0
2년,17,0
29분,17,0
28분,17,0
27분,17,0
국립서울현충원,17,0
가로수길,17,0
구의강변로,17,0
37분,17,0
구의로,17,0
35분,17,0
구암길,17,0
구일로,17,0
소월로,17,0
34분,17,0
36분,17,0
33분,17,0
소심,17,0
구천면로,17,0
소파로,17,0
큰우물로,17,0
3300,17,0
소사,17,0
32분,17,0
울보,16,0
울산,16,0
용마공원로,16,0
용돈,16,0
울진군수어통역센터,16,0
울릉도,16,0
위례중앙로,16,0
용품,16,0
울산광역시농아인협회,16,0
아르바이트,16,0
운동장,16,0
울산광역시청,16,0
울음소리,16,0
아주버님,16,0
우승,16,0
월세,16,0
울진군주민지원센터,16,0
울진군지부,16,0
아래,16,0
웃음소리,16,0
웃는척,16,0
운동경기,16,0
우승자,16,0
월요일,16,0
욕심,16,0
아산시수어통역센터,16,0
아첨,16,0
웃다,16,0
아차산,16,0
운전면허,16,0
월초,16,0
용인,16,0
운전면허정지,16,0
운전자,16,0
우물,16,0
용인대학교,16,0
울릉군수어통역센터,16,0
용인시수어통역센터,16,0
위스키,16,0
위선자,16,0
우즈베키스탄,16,0
원주시청,16,0
아산시지부,16,0
원한,16,0
용인시지부,16,0
울릉군주민지원센터,16,0
아산,16,0
아름답다,16,0
위로,16,0
우울,16,0
울릉군지부,16,0
용산구지부,16,0
용산구주민지원센터,16,0
용산,16,0
원활,16,0
원주시수어통역센터,16,0
원주,16,0
아산시청,16,0
용사,16,0
월급,16,0
운동화,16,0
위임,16,0
원주시지부,16,0
오십이,16,0
욕망,16,0
영주시수어통역센터,16,0
언약,16,0
얻어먹다,16,0
얼굴,16,0
얼굴이빨개지다,16,0
얼굴형,16,0
영주시청,16,0
엄청나다,16,0
엉뚱,16,0
에버랜드,16,0
영주시지부,16,0
여객선,16,0
여경,16,0
여공,16,0
영월군지부,16,0
영암군수어통역센터,16,0
여군,16,0
영월군주민지원센터,16,0
여대생,16,0
영월군수어통역센터,16,0
영어,16,0
영양군지부,16,0
여덟명,16,0
여덟배,16,0
여덟번째,16,0
여동생,16,0
영양군주민지원센터,16,0
영양군수어통역센터,16,0
영암군지부,16,0
영천시수어통역센터,16,0
어차피,16,0
어쩔 수 없다,16,0
어색하다,16,0
양주시수어통역센터,16,0
양주시지부,16,0
예산군지부,16,0
양주시청,16,0
양천,16,0
예산군주민지원센터,16,0
양천구수어통역센터,16,0
양천구주민지원센터,16,0
양천구지부,16,0
예산군수어통역센터,16,0
양치,16,0
양털,16,0
양평,16,0
예쁘다,16,0
양평군수어통역센터,16,0
양평군주민지원센터,16,0
양평군지부,16,0
예금,16,0
예고,16,0
예견,16,0
어른,16,0
어리석다,16,0
어린이날,16,0
어린이대공원,16,0
영천시청,16,0
영천시지부,16,0
어림없다,16,0
영암군주민지원센터,16,0
영아,16,0
예술,16,0
연희맛로,16,0
여행지,16,0
역겹다,16,0
역력하다,16,0
연구소,16,0
연구실,16,0
연기,16,0
열아홉번째,16,0
열심,16,0
열세번째,16,0
열번째,16,0
열배,16,0
열명,16,0
열두번째,16,0
연꽃,16,0
여드름,16,0
연합,16,0
연하다,16,0
연령제한,16,0
연패,16,0
연초,16,0
연천군지부,16,0
연말,16,0
연천군주민지원센터,16,0
연설,16,0
연설문,16,0
연애편지,16,0
연천,16,0
연천군수어통역센터,16,0
여행자,16,0
여행사,16,0
염색,16,0
여학생,16,0
여리다,16,0
여배우,16,0
여섯명,16,0
여섯배,16,0
영문법,16,0
여섯번째,16,0
여성복,16,0
여성학과,16,0
여수,16,0
영등포구주민지원센터,16,0
영등포구수어통역센터,16,0
여수시수어통역센터,16,0
여수시지부,16,0
여수시청,16,0
여아,16,0
영동군지부,16,0
영동군주민지원센터,16,0
영동군수어통역센터,16,0
영덕군수어통역센터,16,0
영광군지부,16,0
영광군주민지원센터,16,0
영광군수어통역센터,16,0
영,16,0
여주시수어통역센터,16,0
여주시청,16,0
여탕,16,0
여학교,16,0
양주,16,0
예술가,16,0
욕구,16,0
안양시수어통역센터,16,0
완패,16,0
완주군주민지원센터,16,0
완벽,16,0
안성시청,16,0
안심,16,0
완료,16,0
완납,16,0
안양,16,0
와인,16,0
옷장,16,0
올림픽공원,16,0
올림픽경기,16,0
안양대학교,16,0
온실,16,0
알코올중독,16,0
온순하다,16,0
안양시지부,16,0
안양시청,16,0
안위,16,0
온도,16,0
옥천군지부,16,0
옥천군주민지원센터,16,0
옥천군수어통역센터,16,0
오천오백만,16,0
오천오백,16,0
오천만,16,0
알록달록,16,0
오천,16,0
안성시수어통역센터,16,0
안성,16,0
안색,16,0
안산,16,0
요리사,16,0
요강,16,0
외할아버지,16,0
외할머니,16,0
외아들,16,0
아프리카,16,0
외손자,16,0
외손녀,16,0
아홉명,16,0
아홉배,16,0
외상값,16,0
아홉번째,16,0
악몽,16,0
악습,16,0
악영향,16,0
악용,16,0
외동딸,16,0
안경원,16,0
안내원,16,0
외국인,16,0
외국어,16,0
왜,16,15
안녕하세요,16,0
안다,16,0
안동시수어통역센터,16,0
안동시지부,16,0
왕족,16,0
알맞다,16,0
오억오천만,16,0
양젖,16,0
오늘,16,0
오백억,16,0
오백만,16,0
오백,16,0
오만오천,16,0
오만,16,0
오리알,16,0
오래도록,16,0
약학,16,0
약효,16,0
얌전하다,16,0
양계,16,0
양다리,16,0
양산,16,0
오,16,0
오억,16,0
양산로,16,0
옛것,16,0
양산시청,16,0
예천군주민지원센터,16,0
예천군수어통역센터,16,0
양서,16,0
양식,16,0
양양군지부,16,0
예정,16,0
예절,16,0
예전,16,0
예식장,16,0
예습,16,0
오백오십,16,0
야망,16,0
야구부,16,0
오백오십만,16,0
오십팔,16,0
오십칠,16,0
오십일,16,0
암살,16,0
오십육,16,0
오십오억,16,0
압류,16,0
오십오만,16,0
오십오,16,0
오십억,16,0
오십삼,16,0
오십사,16,0
오십만,16,0
오십구,16,0
압정,16,0
앞서가다,16,0
애국자,16,0
오십,16,0
오산시지부,16,0
오산시시청,16,0
애매하다,16,0
오산시수어통역센터,16,0
애처,16,0
야간경비,16,0
야구,16,0
오산,16,0
오빠,16,0
유권자,16,0
제천시지부,16,0
유대인,16,0
칼국수,16,0
칠억오천만,16,0
칠천,16,0
칠천만,16,0
칠천오백,16,0
칠천오백만,16,0
침착,16,0
칩거,16,0
카지노,16,0
칼,16,0
칼슘,16,0
칠십팔,16,0
캄보디아,16,0
커피,16,0
코,16,0
코치,16,0
코코아,16,0
콜라,16,0
콧물,16,0
콩가루,16,0
콩기름,16,0
칠억,16,0
칠십칠,16,0
콩잎,16,0
칠백오십만,16,0
칠,16,0
칠곡군수어통역센터,16,0
칠곡군주민지원센터,16,0
칠곡군지부,16,0
칠만,16,0
칠만오천,16,0
칠백,16,0
칠백만,16,0
칠백오십,16,0
칠십,16,0
칠십일,16,0
칠십구,16,0
칠십만,16,0
칠십사,16,0
칠십삼,16,0
칠십억,16,0
칠십오,16,0
칠십오만,16,0
칠십오억,16,0
칠십이,16,0
콩밭,16,0
큰소리,16,0
유도,16,0
퇴원,16,0
테니스,16,0
토기,16,0
통역사,16,0
통영시수화통역센터,16,0
통영시지부,16,0
통영시청,16,0
통조림,16,0
통증,16,0
통찰,16,0
퇴임,16,0
턱,16,0
투쟁,16,0
특권,16,0
특기,16,0
특명,16,0
특선,16,0
틀림없다,16,0
파도,16,0
파랑,16,0
파악하다,16,0
털,16,0
터미널,16,0
큰아버지,16,0
탁구공,16,0
큰어머니,16,0
큰언니,16,0
큰형,16,0
키다리,16,0
키우다,16,0
킬로그램,16,0
킬로미터,16,0
타이트하다,16,0
타인,16,0
탈,16,0
태안군지부,16,0
탈영,16,0
탈춤,16,0
탈환,16,0
탐욕,16,0
태극기,16,0
태만,16,0
태백,16,0
태안군수어통역센터,16,0
태안군주민지원센터,16,0
친하다,16,0
친척,16,0
친자,16,0
체형,16,0
청양군지부,16,0
청원,16,0
청주,16,0
청주시수어통역센터,16,0
청주시지부,16,0
청주시청,16,0
청진기,16,0
체납,16,0
체취,16,0
초대권,16,0
청양군수어통역센터,16,0
초라,16,0
초록,16,0
초면,16,0
초산,16,0
초상화,16,0
초혼,16,0
촉박,16,0
촉진,16,0
촛불,16,0
청양군주민지원센터,16,0
청송군지부,16,0
친아들,16,0
철원군수어통역센터,16,0
천안시청,16,0
천연색,16,0
천오백,16,0
천오백만,16,0
천황,16,0
철,16,0
철교,16,0
철근,16,0
철문,16,0
철원군주민지원센터,16,0
청송군주민지원센터,16,0
철원군지부,16,0
철판,16,0
첩첩산중,16,0
청년,16,0
청도군수어통역센터,16,0
청도군주민지원센터,16,0
청소년,16,0
청소당번,16,0
청송군수어통역센터,16,0
총각,16,0
총괄,16,0
총괄자,16,0
취업,16,0
충북,16,0
충북농아인협회,16,0
충북도청,16,0
충성,16,0
충주시수어통역센터,16,0
충주시지부,16,0
충주시청,16,0
충혈,16,0
취객,16,0
치과의사,16,0
총무,16,0
치료,16,0
치료법,16,0
치료제,16,0
치매,16,0
치아,16,0
치약,16,0
친구,16,0
친모,16,0
친부,16,0
충남도청,16,0
충남농아인협회,16,0
충남,16,0
충격,16,0
총소리,16,0
총회,16,0
최대,16,0
최상급,16,0
최소,16,0
추남,16,0
추녀,16,0
추수,16,0
추억,16,0
추출,16,0
추측,16,0
축구장,16,0
축하,16,0
춘천시수어통역센터,16,0
춘천시지부,16,0
춘천시청,16,0
출산증가,16,0
출석,16,0
출장,16,0
파주,16,0
파주시수어통역센터,16,0
파주시지부,16,0
홍콩,16,0
혹시,16,0
혼자,16,0
홍성군주민지원센터,16,0
홍수,16,0
홍은중앙로,16,0
홍익대학교,16,0
홍천군수어통역센터,16,0
홍천군주민지원센터,16,0
홍천군지부,16,0
화가,16,0
호명,16,0
화상,16,0
화상채팅,16,0
화성,16,0
화성시지부,16,0
화성시청,16,0
화실,16,0
화요일,16,0
화천군수어통역센터,16,0
화천군주민지원센터,16,0
호수,16,0
호떡,16,0
해남군지부,16,0
혀,16,0
햅쌀,16,0
햇빛,16,0
행거,16,0
행동,16,0
행복,16,0
허약자,16,0
허탕,16,0
헛수고,16,0
헤드라이트,16,0
현대,16,0
형제지간,16,0
현충로,16,0
현충일,16,0
혈서,16,0
혈안,16,0
혈액형,16,0
혈통,16,0
형,16,0
형수,16,0
형식,16,0
화천군지부,16,0
확답,16,0
확약,16,0
흙,16,0
후천적,16,0
후회,16,0
훈련,16,0
훌륭,16,0
훑어보다,16,0
흑백,16,0
흑백영화,16,0
흑색,16,0
흔들리다,16,0
흙내음,16,0
확인서,16,0
흠집,16,0
흡연실,16,0
흩어지다,16,0
희망,16,0
희미,16,0
희생,16,0
희생자,16,0
흰,16,0
힘,16,0
후지다,16,0
후원,16,0
횡성군지부,16,0
회칙,16,0
확정,16,0
환갑,16,0
환대,16,0
환자,16,0
환자실,16,0
황금,16,0
황금기,16,0
황금색,16,0
황토,16,0
황홀,16,0
회개,16,0
회사,16,0
회상,16,0
회색,16,0
회생,16,0
회식,16,0
회원,16,0
회의록,16,0
회장,16,0
해내다,16,0
해남군주민지원센터,16,0
파주시청,16,0
평창군수어통역센터,16,0
팔억오천만,16,0
팔천,16,0
팔천만,16,0
팔천오백,16,0
팔천오백만,16,0
편견,16,0
평가하다,16,0
평안,16,0
평일,16,0
평창군주민지원센터,16,0
팔십팔,16,0
평창지부,16,0
평택,16,0
평택시수어통역센터,16,0
평택시지부,16,0
평택시청,16,0
평화로,16,0
포천시수어통역센터,16,0
포천시지부,16,0
포천시청,16,0
팔억,16,0
팔십칠,16,0
해남군수어통역센터,16,0
팔십,16,0
파헤치다,16,0
판결,16,0
팔랑귀,16,0
팔만,16,0
팔만오천,16,0
팔백,16,0
팔백만,16,0
팔백오십,16,0
팔백오십만,16,0
팔십구,16,0
팔십일,16,0
팔십만,16,0
팔십사,16,0
팔십삼,16,0
팔십억,16,0
팔십오,16,0
팔십오만,16,0
팔십오억,16,0
팔십육,16,0
팔십이,16,0
포켓,16,0
포항,16,0
포항시지부,16,0
한숨,16,0
학업,16,0
한국민속촌,16,0
한국어,16,0
한국은행,16,0
한국인,16,0
한글,16,0
한글날,16,0
한눈팔다,16,0
한명,16,0
한약,16,0
포항시청,16,0
한약방,16,0
할머니,16,0
할아버지,16,0
함안군수화통역센터,16,0
함안군주민지원센터,16,0
함안군지부,16,0
합심,16,0
합의,16,0
항공사,16,0
학식,16,0
학습,16,0
학수고대,16,0
학생생활기록부,16,0
품격,16,0
풍성,16,0
피곤,16,0
피곤하다,16,0
피해자,16,0
필기시험,16,0
필리핀,16,0
하남,16,0
하남시수어통역센터,16,0
하남시지부,16,0
하남시청,16,0
하는수없다,16,0
하동군수화통역센터,16,0
하동군주민지원센터,16,0
하동군지부,16,0
하루,16,0
하산,16,0
학교연혁,16,0
학부모,16,0
천안시지부,16,0
천안시수어통역센터,16,0
천안,16,0
인성,16,0
익사,16,0
익산시지부,16,0
익산시청,16,0
익숙,16,0
인격,16,0
인도,16,0
인력,16,0
인사법,16,0
인상,16,0
인심,16,0
이화여자대학교,16,0
인자,16,0
인증,16,0
인질,16,0
인천,16,0
인천광역시청,16,0
인체,16,0
인터체인지,16,0
일,16,0
일곱명,16,0
익명,16,0
이해,16,0
이십삼,16,0
이억,16,0
이십오,16,0
이십오만,16,0
이십오억,16,0
이십육,16,0
이십이,16,0
이십일,16,0
이십칠,16,0
이십팔,16,0
이어폰,16,0
이억오천만,16,0
이탈리아,16,0
이의,16,0
이중인격,16,0
이집트,16,0
이천만,16,0
이천시수어통역센터,16,0
이천시지부,16,0
이천시청,16,0
이천오백,16,0
이천오백만,16,0
일곱배,16,0
일곱번째,16,0
일반인,16,0
자유,16,0
자라다,16,0
자랑,16,0
자막,16,0
자비없다,16,0
자살,16,0
자살자,16,0
자석,16,0
자습,16,0
자승자박,16,0
자정,16,0
일반직,16,0
자존심,16,0
작명,16,0
작살내다,16,0
작업복,16,0
작은아빠,16,0
작은엄마,16,0
작은할아버지,16,0
잔소리,16,0
잘하다,16,0
자극,16,0
잊어버리다,16,0
입원,16,0
입맛에맞지않다,16,0
일본,16,0
일본어,16,0
일본인,16,0
일부러,16,0
일산,16,0
일석이조,16,0
일억,16,0
일억오천만,16,0
일인다역,16,0
일임,16,0
일자무식,16,0
일터,16,0
일확천금,16,0
임기응변,16,0
임시협약,16,0
임신,16,0
임실군수어통역센터,16,0
임실군지부,16,0
입,16,0
이십억,16,0
이십사,16,0
잠옷,16,0
육억오천만,16,0
육십오,16,0
육십오만,16,0
육십오억,16,0
육십육,16,0
육십이,16,0
육십일,16,0
육십칠,16,0
육십팔,16,0
육억,16,0
육천,16,0
육십삼,16,0
육천만,16,0
육천오백,16,0
육천오백만,16,0
은신처,16,0
은평구수어통역센터,16,0
은평구주민지원센터,16,0
은평구지부,16,0
은행로,16,0
을지로3가,16,0
육십억,16,0
육십사,16,0
이십만,16,0
유조선,16,0
유럽,16,0
유명무실,16,0
유명하다,16,0
유성구수어통역센터,16,0
유성구주민지원센터,16,0
유성구지부,16,0
유식,16,0
유언,16,0
유전,16,0
유학,16,0
육십만,16,0
육,16,0
육만,16,0
육만오천,16,0
육백,16,0
육백만,16,0
육백억,16,0
육백오십,16,0
육백오십만,16,0
육십,16,0
을지로4가,16,0
음료수,16,0
음악가,16,0
이백육십,16,0
이백,16,0
이백구십,16,0
이백만,16,0
이백사십,16,0
이백삼십,16,0
이백십,16,0
이백억,16,0
이백오십,16,0
이백오십만,16,0
이백이십,16,0
응접실,16,0
이백칠십,16,0
이백팔십,16,0
이불,16,0
이사,16,0
이상,16,0
이스라엘,16,0
이심전심,16,0
이십,16,0
이십구,16,0
이미,16,0
이만오천,16,0
이만,16,0
이마,16,0
의사,16,0
의성,16,0
의성군수어통역센터,16,0
의성군지부,16,0
의심,16,0
의왕시지부,16,0
의왕시청,16,0
의욕,16,0
의정부,16,0
의정부시수어통역센터,16,0
의정부시지부,16,0
의정부시청,16,0
의학,16,0
이,16,0
이것,16,0
이기주의,16,0
이란,16,0
이력,16,0
이름,16,0
잠기다,16,0
잠자다,16,0
천벌,16,0
진도군주민지원센터,16,0
지방경찰청장,16,0
지식인,16,0
지팡이,16,0
지혜,16,0
직무대행,16,0
직원,16,0
직책,16,0
진단서,16,0
진도군수어통역센터,16,0
진도군지부,16,0
지급일,16,0
진땀나다,16,0
진상,16,0
진수성찬,16,0
진실,16,0
진주시수화통역센터,16,0
진주시지부,16,0
진주시청,16,0
진천군수어통역센터,16,0
진천군지부,16,0
지도법,16,0
지겹다,16,0
주목,16,0
중도포기,16,0
주민센터,16,0
주방장,16,0
주요점,16,0
주유소,16,0
주정뱅이,16,0
주차장,16,0
준우승,16,0
중,16,0
중국,16,0
중독되다,16,0
증거,16,0
중랑구수어통역센터,16,0
중랑구주민지원센터,16,0
중랑구지부,16,0
중립,16,0
중매,16,0
중병,16,0
중앙대학교,16,0
쥐덫,16,0
즐겁다,16,0
진하기,16,0
질색,16,0
질투,16,0
책임,16,0
창녕군지부,16,0
창백,16,0
창원,16,0
창원시수화통역센터,16,0
창원시지부,16,0
창원시청,16,0
창피,16,0
채용자,16,0
책무,16,0
책임이사,16,0
집요,16,0
책임자,16,0
책임지다,16,0
챔피언,16,0
처남,16,0
처녀,16,0
처형,16,0
천,16,0
천리,16,0
천만,16,0
창녕군수화통역센터,16,0
찻길,16,0
참외,16,0
참새,16,0
집주인,16,0
짓밟다,16,0
징검다리,16,0
징그럽다,16,0
짜증,16,0
짜증내다,16,0
짬뽕,16,0
차다,16,0
차도,16,0
차량번호판,16,0
차멀미,16,0
차분,16,0
착각,16,0
착취,16,0
찬물,16,0
찰나,16,0
참가자,16,0
참관,16,0
참다,16,0
주문서,16,0
주관,16,0
장난,16,0
전기기술자,16,0
재청,16,0
재택근무,16,0
재학,16,0
재혼,16,0
저명인사,16,0
저택,16,0
적극,16,0
적중하다,16,0
전근,16,0
전기세,16,0
재산,16,0
전남,16,0
전남농아인협회,16,0
전남도청,16,0
전멸,16,0
전북농아인협회,16,0
전북도청,16,0
전세,16,0
전심전력,16,0
전염,16,0
재임,16,0
재봉틀,16,0
죄송,16,0
장애인등에대한특수교육법,16,0
장난감,16,0
장녀,16,0
장단점,16,0
장려하다,16,0
장로교,16,0
장모,16,0
장애아동수당,16,0
장애유형,16,0
장애인기능경기대회,16,0
장애인복지관,16,0
재벌,16,0
장애인연금,16,0
장인,16,0
장인어른,16,0
장학,16,0
장흥군수어통역센터,16,0
장흥군주민지원센터,16,0
장흥군지부,16,0
재고,16,0
재미없다,16,0
전쟁터,16,0
전주,16,0
전주시수어통역센터,16,0
조회,16,0
제천시수어통역센터,16,0
아둔하다,16,0
제천시청,16,0
조간신문,16,0
조상,16,0
조용하다,16,0
조종하다,16,0
조직도,16,0
조카,16,0
존경하다,16,0
전주시지부,16,0
졸리다,16,0
졸업장,16,0
종각,16,0
종로5가,16,0
종로구주민지원센터,16,0
종로구지부,16,0
종소리,16,0
종아리맞다,16,0
종점,16,0
제주특별자치도농아인협회,16,0
제주시청,16,0
제주시지부,16,0
제주시수화통역센터,16,0
전주시청,16,0
전화번호,16,0
절도죄,16,0
절수,16,0
젊다,16,0
점등,16,0
정도,16,0
정밀검사,16,0
정벌,16,0
정보차단,16,0
정성껏,16,0
정신장애,16,0
정의,16,0
제법,16,0
제부,16,0
제사,16,0
제안,16,0
제주도,16,0
제주도청,16,0
아들딸,16,0
서약서,16,0
매료되다,16,0
동대문구수어통역센터,16,0
결혼식,16,0
두산로,16,0
뒷산,16,0
드러나다,16,0
듣다,16,0
결합을끊다,16,0
결코,16,0
들러리,16,0
들어맞다,16,0
들추어내다,16,0
등교,16,0
등록금,16,0
등산,16,0
등지다,16,0
디자이너,16,0
디자인,16,0
딸,16,0
딸기,16,0
결사,16,0
두부,16,0
두번째,16,0
두배,16,0
동작구수어통역센터,16,0
동대문구지부,16,0
동두천,16,0
동두천시수어통역센터,16,0
동두천시지부,16,0
동두천시청,16,0
동메달,16,0
동아리,16,0
동의,16,0
동작구주민지원센터,16,0
두명,16,0
동작구지부,16,0
동해시수어통역센터,16,0
동해시청,16,0
동화책,16,0
돼지고기,16,0
겹치다,16,0
겸손,16,0
두근거리다,16,0
결벽,16,0
견제하다,16,0
때문,16,0
검술,16,0
마음에들다,16,0
마지못하다,16,0
마천로,16,0
검정머리,16,0
마포,16,0
검정,16,0
마포구주민지원센터,16,0
마포구지부,16,0
막걸리,16,0
마을버스,16,0
막말,16,0
막상막하,16,0
만,16,0
걸핏하면,16,0
만리재로,16,0
만만하다,16,0
만오천,16,0
걸음걸이,16,0
마음,16,0
마스크,16,0
떡국,16,0
라면,16,0
견습소,16,0
견문,16,0
뙤약볕,16,0
뚫다,16,0
겨드랑이,16,0
게으르다,16,0
겉모습,16,0
뜨겁다,16,0
로마,16,0
마술사,16,0
롯데월드,16,0
마곡중앙로,16,0
마구간,16,0
마라톤,16,0
마르다,16,0
마른내로,16,0
마산,16,0
마산시수화통역센터,16,0
동대문구주민지원센터,16,0
동구주민지원센터,16,0
맏형,16,0
경과실,16,0
대구광역시농아인협회,16,0
대구광역시청,16,0
대기,16,0
경찰청장,16,0
대기업,16,0
대단하다,16,0
대덕구주민지원센터,16,0
대덕구지부,16,0
대독,16,0
대만,16,0
대방동길,16,0
경찰서,16,0
대성공,16,0
대전,16,0
대전광역시청,16,0
경주시청,16,0
대지,16,0
경주시지부,16,0
대필,16,0
대구,16,0
대교,16,0
경찰행정,16,0
달인,16,0
달리다,16,0
달빛,16,0
달서구수어통역센터,16,0
달서구지부,16,0
고등학교,16,0
고깃국,16,0
고급지다,16,0
달성,16,0
계획적,16,0
당하다,16,0
계획,16,0
답답,16,0
답안지,16,0
계약금,16,0
당뇨병,16,0
당진시수어통역센터,16,0
당진시청,16,0
계기,16,0
던지다,16,0
덥다,16,0
경주시수어통역센터,16,0
돌무덤,16,0
독재자,16,0
돈화문로,16,0
경북,16,0
돋보이다,16,0
돌,16,0
돌곶이로,16,0
돌기둥,16,0
돌다리,16,0
돌벽,16,0
독일,16,0
돌보다,16,0
경로당,16,0
경동시장로,16,0
경남도청,16,0
동갑,16,0
동거,16,0
경기도청,16,0
경기농아인협회,16,0
독일어,16,0
경북도청,16,0
도련님,16,0
경비실,16,0
도벽,16,0
도봉구수어통역센터,16,0
도봉구주민지원센터,16,0
도봉구지부,16,0
도신로,16,0
경산시청,16,0
경산시지부,16,0
경산시수어통역센터,16,0
도자기기술,16,0
독신,16,0
경비,16,0
독도,16,0
독립,16,0
독보적,16,0
독산,16,0
독서,16,0
독서광,16,0
독식,16,0
만취,16,0
걸스카우트,16,0
강서구지부,16,0
무지개,16,0
미국,16,0
미군,16,0
미남,16,0
미납,16,0
미녀,16,0
미달성,16,0
미성년,16,0
미소,16,0
미신,16,0
미심쩍다,16,0
같다,16,0
강화군지부,16,0
미완성,16,0
미진하다,16,0
미치광이,16,0
공교롭다,16,0
미행,16,0
미혼,16,0
믿다,16,0
물통,16,0
물총,16,0
물약,16,0
문래로,16,0
무허가,16,0
문경시수어통역센터,16,0
문경시지부,16,0
거목,16,0
개학,16,0
개입하지않는다,16,0
문경시청,16,0
문득,16,0
개명,16,0
물론,16,0
문잠그다,16,0
문학,16,0
문화유산,16,0
묻다,16,0
물귀신,16,0
물놀이,16,0
개똥,16,0
물다,16,0
강화군주민지원센터,16,0
강풍,16,0
밀거래단,16,0
강약,16,0
반장,16,0
반환,16,0
강원도농아인협회,16,0
발가락,16,0
발각,16,0
발견,16,0
발산,16,0
강원도,16,0
발언권,16,0
반성하다,16,0
강아지,16,0
발인,16,0
밤나무,16,0
밤샘,16,0
밥,16,0
밥그릇,16,0
밥솥,16,0
방금,16,0
반역,16,0
반드시,16,0
밀고,16,0
강진군수어통역센터,16,0
밀서,16,0
밀양시수화통역센터,16,0
밀양시지부,16,0
밀양시청,16,0
밀작,16,0
강철,16,0
강진군지부,16,0
강진군주민지원센터,16,0
강원도청,16,0
반납,16,0
바다,16,0
바람,16,0
바래다,16,0
바르다,16,0
바보,16,0
바쁘다,16,0
밖,16,0
반갑다,16,0
무통,16,0
무주군지부,16,0
말끼어들기,16,0
무주군주민지원센터,16,0
먹구름,16,0
먹칠하다,16,0
멀다,16,0
멍청하다,16,0
며느리,16,0
면박,16,0
면역,16,0
면적,16,0
명단,16,0
명령,16,0
명마,16,0
명예,16,0
명지대길,16,0
모범,16,0
모범생,16,0
목,16,0
목공예,16,0
목마르다,16,0
목재,16,0
먹,16,0
머리카락,16,0
머리,16,0
건성건성,16,0
말솜씨,16,0
맛없다,16,0
망가지다,16,0
망각,16,0
망설이다,16,0
망신,16,0
망아지,16,0
건장,16,0
맞추다,16,0
건달,16,0
매력,16,0
아내,16,0
매일매일,16,0
매표소,16,0
매형,16,0
맷돌,16,0
건성,16,0
맹학교,16,0
건강,16,0
목포,16,0
목포시수어통역센터,16,0
거슬리다,16,0
무리,16,0
무매력,16,0
무법자,16,0
무분별,16,0
무산,16,0
무섭다,16,0
무소식,16,0
무소유,16,0
무시,16,0
거역,16,0
거북선,16,0
무안군수어통역센터,16,0
무안군지부,16,0
무의미,16,0
무인상,16,0
무자격,16,0
무자유,16,0
무주군수어통역센터,16,0
무료교육,16,0
거저먹다,16,0
목포시지부,16,0
못생기다,16,0
목포시청,16,0
몰리다,16,0
거창군지부,16,0
거창군주민지원센터,16,0
몸무게,16,0
못견디다,16,0
못마땅하다,16,0
못보았다,16,0
무,16,0
거절,16,0
무각오,16,0
거창군수화통역센터,16,0
거제시청,16,0
무경험,16,0
거제시지부,16,0
무궁화,16,0
무기력,16,0
무념무상,16,0
고등학생,16,0
고려대학교,16,0
달다,16,0
구리시지부,16,0
구십이,16,0
구십일,16,0
구십칠,16,0
구십팔,16,0
구억,16,0
구억오천만,16,0
곡성군수어통역센터,16,0
구인,16,0
고흥군지부,16,0
구직,16,0
구천,16,0
구천만,16,0
구천오백,16,0
구천오백만,16,0
구화,16,0
국그릇,16,0
국기,16,0
고흥군주민지원센터,16,0
국어학,16,0
구십육,16,0
구십오억,16,0
구십오만,16,0
구백오십,16,0
구만,16,0
구만오천,16,0
구미시수어통역센터,16,0
구미시지부,16,0
구미시청,16,0
구백,16,0
구백만,16,0
구백억,16,0
구백오십만,16,0
구십오,16,0
구분,16,0
구십,16,0
구십구,16,0
곡성군주민지원센터,16,0
구십만,16,0
구십사,16,0
구십삼,16,0
구십억,16,0
국왕,16,0
군가,16,0
군마,16,0
금산,16,0
귀중품,16,0
고추,16,0
고창군지부,16,0
그날,16,0
그렇다,16,0
그립다,16,0
근무,16,0
글,16,0
고창군주민지원센터,16,0
귀부인,16,0
고창군수어통역센터,16,0
금시초문,16,0
금식,16,0
고집,16,0
금연,16,0
금요일,16,0
고질적,16,0
금정구지부,16,0
고추가루,16,0
귀,16,0
군복,16,0
군위주민지원센터,16,0
군비행장,16,0
고흥군수어통역센터,16,0
군사혁명,16,0
군산,16,0
군산시수어통역센터,16,0
군산시지부,16,0
군위군수어통역센터,16,0
군위군지부,16,0
고춧잎,16,0
권투,16,0
군포,16,0
군포시수어통역센터,16,0
군포시지부,16,0
궁리,16,0
궁지,16,0
궁핍하다,16,0
궁하다,16,0
권력,16,0
구리시청,16,0
구리시수어통역센터,16,0
달,16,0
구리,16,0
과태료,16,0
관계,16,0
관계없다,16,0
관광,16,0
관광버스,16,0
관습,16,0
관악,16,0
관악구수어통역센터,16,0
관악구주민지원센터,16,0
관악구지부,16,0
광기,16,0
광명,16,0
광명시수어통역센터,16,0
광명시지부,16,0
광명시청,16,0
광산구수어통역센터,16,0
골절,16,0
광산구지부,16,0
광양군수어통역센터,16,0
과천시청,16,0
과천시지부,16,0
과천,16,0
공주시청,16,0
공군본부,16,0
공문,16,0
공석,16,0
공개,16,0
곰방대,16,0
공식발표,16,0
공주시수어통역센터,16,0
공주시지부,16,0
공증,16,0
과장,16,0
골키퍼,16,0
공항시장,16,0
공휴일,16,0
과로,16,0
골짜기,16,0
과시,16,0
과용,16,0
과음,16,0
광양군주민지원센터,16,0
광양군지부,16,0
광주,16,0
구,16,0
교육자,16,0
교육청,16,0
교장,16,0
교제,16,0
교탁,16,0
교통기본교육,16,0
곡성군지부,16,0
교통안전교육,16,0
구걸,16,0
교실,16,0
구경,16,0
구급차,16,0
구두,16,0
구두액,16,0
구렁이,16,0
구로구수어통역센터,16,0
구로구주민지원센터,16,0
구로구지부,16,0
교육과정,16,0
교수,16,0
광주광역시농아인협회,16,0
괴롭다,16,0
광주광역시청,16,0
광주시수어통역센터,16,0
광주시지부,16,0
광주시청,16,0
광진구수어통역센터,16,0
광진구주민지원센터,16,0
광진구지부,16,0
광화문,16,0
괴롭히다,16,0
교섭,16,0
괴산군수어통역센터,16,0
괴산군주민지원센터,16,0
괴산군지부,16,0
괴팍하다,16,0
교가,16,0
교모,16,0
교무실,16,0
교사직무,16,0
금주,16,0
금천,16,0
금천구수어통역센터,16,0
금천구지부,16,0
너,16,0
너그럽다,16,0
너희,16,0
넘기다,16,0
네덜란드,16,0
네명,16,0
네배,16,0
네번째,16,0
네쌍둥이,16,0
노고,16,0
노년기,16,0
노랑,16,0
노래,16,0
노량진,16,0
고백,16,0
노르웨이,16,0
노부모,16,0
노원구수어통역센터,16,0
노원구주민지원센터,16,0
냉커피,16,0
냄새맡다,16,0
냄비,16,0
고소,16,0
남아,16,0
남양주,16,0
남양주시수어통역센터,16,0
남양주시지부,16,0
남양주시청,16,0
남원,16,0
남원시지부,16,0
남원시청,16,0
남편,16,0
내정,16,0
남해군수화통역센터,16,0
남해군주민지원센터,16,0
남해군지부,16,0
낭패,16,0
고성지부,16,0
고성군지부,16,0
낳다,16,0
내버려두다,16,0
노원구지부,16,0
노인,16,0
노화,16,0
다섯번째,16,0
능력자,16,0
능숙,16,0
다과,16,0
다복,16,0
고령군주민지원센터,16,0
다산로,16,0
다섯명,16,0
다섯배,16,0
다행,16,0
느낌,16,0
단명,16,0
단문,16,0
단양군수어통역센터,16,0
단양군주민지원센터,16,0
단양군지부,16,0
단어,16,0
단전,16,0
고령군수어통역센터,16,0
늙다,16,0
뉴질랜드,16,0
녹초,16,0
고리타분,16,0
논,16,0
논란,16,0
고민,16,0
논의,16,0
놀다,16,0
놀라다,16,0
놀리다,16,0
농부,16,0
농수산시장로,16,0
눕다,16,0
농인,16,0
놓치다,16,0
누구,16,15
누나,16,0
고령군지부,16,0
눈가림,16,0
눈썰미,16,0
눈썹,16,0
남성적,16,0
남산,16,0
남부터미널,16,0
김천시수어통역센터,16,0
기회주의,16,0
긴가민가,16,0
길몽,16,0
길운,16,0
길일,16,0
김제시수어통역센터,16,0
김제시지부,16,0
김제시청,16,0
김천시지부,16,0
기초확인,16,0
김포,16,0
김포대로,16,0
김포시수어통역센터,16,0
김포시청,16,0
고용,16,0
김해시지부,16,0
김해시청,16,0
깃털,16,0
기혼,16,0
기초체조,16,0
까마귀,16,0
기막히다,16,0
금천구청,16,0
고조할아버지,16,0
급행,16,0
고인,16,0
기대,16,0
기대다,16,0
기름,16,0
기린,16,0
기민하다,16,0
기차역,16,0
기발,16,0
기분,16,0
기세등등,16,0
기술,16,0
기술자,16,0
기억,16,0
기절초풍,16,0
기지,16,0
까다롭다,16,0
깎다,16,0
남부지방,16,0
날쎄다,16,0
나주시지부,16,0
나주시청,16,0
낙인,16,0
낙제,16,0
낚시,16,0
낚시대,16,0
낚시터,16,0
날,16,0
날씬,16,0
나이,16,0
남구수어통역센터,16,0
남구주민지원센터,16,0
남구지부,16,0
고아원,16,0
고수입,16,0
남대문시장,16,0
남매,16,0
남몰래,16,0
나주시수어통역센터,16,0
나사렛대학교,16,0
깜깜하다,16,0
꿀벌,16,0
깜빡하다,16,0
깨끗하다,16,0
깨물다,16,0
꼬마,16,0
꼴사납다,16,0
꽃씨,16,0
꽃잎,16,0
꿀물,16,0
꿇다,16,0
나쁘다,16,0
꿈,16,0
나누다,16,0
고양시청,16,0
고양시지부,16,0
고양시수어통역센터,16,0
고양,16,0
나무기둥,16,0
나빠지다,16,0
방도,16,0
미치다,16,0
방식,16,0
서대문구지부,16,0
생각,16,0
생각못하다,16,0
생계,16,0
생년월일,16,0
생일,16,0
생활,16,0
가평군지부,16,0
서구식,16,0
가평군주민지원센터,16,0
가평군수어통역센터,16,0
가짜,16,0
서귀포시수화통역센터,16,0
서귀포시지부,16,0
서귀포시청,16,0
가죽신,16,0
가족회의,16,0
서대문,16,0
서대문구수어통역센터,16,0
서대문구주민지원센터,16,0
샘마을길,16,0
각오,16,0
색종이,16,0
간호사,16,0
상원길,16,0
갈등,16,0
상장,16,0
상주시수어통역센터,16,0
상주시지부,16,0
상처,16,0
상품,16,0
새,16,0
새똥,16,0
색연필,16,0
간편,16,0
새알,16,0
새원말길,16,0
새집,16,0
새창로,16,0
간단하다,16,0
간,16,0
색맹,16,0
가족,16,0
가정교육,16,0
사십사,16,0
서빙고로,16,0
설사,16,0
섬,16,0
섬나라,16,0
섭섭하다,16,0
성격,16,0
성경책,16,0
가시나무,16,0
성공,16,0
성급,16,0
성남,16,0
성남시수어통역센터,16,0
성남시지부,16,0
성남시청,16,0
가수,16,0
성냥불,16,0
성동,16,0
가소롭다,16,0
성동구지부,16,0
성병,16,0
설득되다,16,0
설거지,16,0
선짓국,16,0
서울특별시수어통역센터,16,0
서산시수어통역센터,16,0
서산시지부,16,0
서산시청,16,0
가위바위보,16,0
서울대공원,16,0
서울숲,16,0
서울시청,16,0
서울특별시농아인협회,16,0
서점,16,0
선별,16,0
서천군수어통역센터,16,0
서천군주민지원센터,16,0
서천군지부,16,0
서초구수어통역센터,16,0
서초구주민지원센터,16,0
서초구지부,16,0
석유,16,0
석탄,16,0
상암산로,16,0
상세검색,16,0
상상하다,16,0
상부,16,0
사천시수화통역센터,16,0
사천시지부,16,0
사천시청,16,0
사천오백,16,0
사천오백만,16,0
사춘기,16,0
사하구주민지원센터,16,0
사하구지부,16,0
사후,16,0
방음,16,0
삭발,16,0
산청군수화통역센터,16,0
산청군주민지원센터,16,0
산청군지부,16,0
살살,16,0
감사,16,0
감동,16,0
삼,16,0
삼만,16,0
사천만,16,0
사천,16,0
사진작가,16,0
사억오천만,16,0
사십억,16,0
사십오,16,0
사십오만,16,0
사십오억,16,0
사십육,16,0
사십이,16,0
사십일,16,0
사억,16,0
사업,16,0
사직,16,0
사업장,16,0
사욕,16,0
사용법,16,0
사용처,16,0
사위,16,0
사육장,16,0
사이다,16,0
사장,16,0
삼만오천,16,0
삼백,16,0
삼백구십,16,0
감기,16,0
삼십팔,16,0
삼억,16,0
삼억오천만,16,0
삼일대로,16,0
삼척,16,0
삼척시수어통역센터,16,0
삼척시지부,16,0
삼척시청,16,0
삼천,16,0
삼십일,16,0
삼천만,16,0
삼천오백,16,0
삼천오백만,16,0
감금,16,0
상관없다,16,0
상담,16,0
상류층,16,0
상봉중앙로,16,0
삼십칠,16,0
삼십이,16,0
삼백만,16,0
삼백팔십,16,0
삼백사십,16,0
삼백삼십,16,0
삼백십,16,0
삼백오십,16,0
삼백오십만,16,0
삼백육십,16,0
삼백이십,16,0
삼백칠십,16,0
감나무,16,0
삼십육,16,0
삼성,16,0
삼십,16,0
삼십구,16,0
삼십만,16,0
삼십사,16,0
삼십삼,16,0
삼십오,16,0
삼십오만,16,0
성북,16,0
성북구수어통역센터,16,0
성북구지부,16,0
순천시지부,16,0
시집,16,0
시차,16,0
시험,16,0
시험감독,16,0
시흥,16,0
식당,16,0
식목일,16,0
식전,16,0
신경쓰다,16,0
신나다,16,0
신문,16,0
신부,16,0
49분,16,0
신사,16,0
4600,16,0
신식,16,0
신안군수어통역센터,16,0
신안군주민지원센터,16,0
신안군지부,16,0
시작,16,0
시원하다,16,0
시어머니,16,0
스웨덴,16,0
술,16,0
술값,16,0
술잔,16,0
술집,16,0
숨차다,16,0
숲,16,0
쉽다,16,0
가다(차),16,0
슬프다,16,0
시아버지,16,0
습자,16,0
승마복,16,0
승부차기,16,0
승패,16,0
LA,16,0
시달리다,16,0
시댁,16,0
시시하다,16,0
신용산,16,0
신용카드,16,0
신입학,16,0
쌀벌레,16,0
십육,16,0
십이,16,0
십일,16,0
십칠,16,0
십팔,16,0
싱가폴,16,0
쌀가루,16,0
쌀값,16,0
쌍둥이,16,0
십오만,16,0
쌍용,16,0
썩다,16,0
쑥쓰럽다,16,0
쓰다,16,0
쓸쓸하다,16,0
100만원,16,0
아까,16,0
아끼다,16,0
십오억,16,0
십오,16,0
신체적장애,16,0
실습,16,0
신통하다,16,0
신학,16,0
38선,16,0
30km,16,0
신혼,16,0
실망,16,0
실명,16,0
실생활,16,0
실언,16,0
십삼,16,0
실천,16,0
실토,16,0
싫어하다,16,0
싫증나다,16,0
심부름,16,0
십구,16,0
십만,16,0
십사,16,0
순천시청,16,0
순천시수어통역센터,16,0
성실,16,0
순창군지부,16,0
소복,16,0
소불고기,16,0
소뿔,16,0
소식,16,0
소외감,16,0
가명,16,0
소주,16,0
소지자,16,0
가만히,16,0
가르다,16,0
가루약,16,0
소화불량,16,0
소화제,16,0
속다,16,0
속달,16,0
가로공원로,16,0
속초시수어통역센터,16,0
속초시지부,16,0
손,16,0
소문내다,16,0
소금물,16,0
소극적,16,0
세배,16,0
성씨,16,0
성인,16,0
성조기,16,0
성주시수어통역센터,16,0
성토,16,0
성폭행,16,0
성품,16,0
세명,16,0
세번째,16,0
소개,16,0
세수,16,0
세수대야,16,0
세쌍둥이,16,0
가쁘다,16,0
세종특별자치시,16,0
가발,16,0
센티미터,16,0
소감,16,0
손녀,16,0
손자,16,0
솔잎,16,0
수재,16,0
수어,16,0
수영,16,0
수영구주민지원센터,16,0
수영구지부,16,0
수영장,16,0
수요일,16,0
수원,16,0
수입,16,0
수저통,16,0
수성구주민지원센터,16,0
수집가,16,0
수포,16,0
숙녀복,16,0
숙련,16,0
순금,16,0
순산,16,0
순종,16,0
순창군주민지원센터,16,0
수심,16,0
수성구수어통역센터,16,0
솔직,16,0
쇄신,16,0
솔직하다,16,0
솜씨,16,0
솜씨없다,16,0
송년회,16,0
송아지,16,0
송파구주민지원센터,16,0
송파구지부,16,0
가렵다,16,0
가래떡,16,0
수상,16,0
쇠기둥,16,0
쇼하다,16,0
수감,16,0
수감자,16,0
수갑,16,0
수다스럽다,16,0
수면제,16,0
수북하다,16,0
사십삼,16,0
공군,16,0
보라색,16,0
복사본,16,0
보이스카우트,16,0
백오십구,16,0
보호,16,0
복귀,16,0
백오십,16,0
강북구수어통역센터,16,0
백억,16,0
백오십만,16,0
복잡하다,16,0
복지카드,16,0
본성,16,0
볼,16,0
봉화군수어통역센터,16,0
백십팔,16,0
보은군수어통역센터,16,0
백오십사,16,0
북구지부,16,0
백오십일,16,0
백육십,16,0
보령시지부,16,0
백육,16,0
백오십팔,16,0
보복,16,0
백오십칠,16,0
백오십이,16,0
백오십오,16,0
보성군주민지원센터,16,0
백오십육,16,0
보성군지부,16,0
보수교육,16,0
보신탕,16,0
강릉시지부,16,0
백십칠,16,0
봉화군주민지원센터,16,0
강북구주민지원센터,16,0
부채질,16,0
부여군수어통역센터,16,0
백십사,16,0
부여군주민지원센터,16,0
부여군지부,16,0
백십구,16,0
부족,16,0
백칠십구,16,0
백십일,16,0
부천시수어통역센터,16,0
부천시지부,16,0
부천시청,16,0
부탁,16,0
부합되다,16,0
북구수어통역센터,16,0
부엌,16,0
부안군지부,16,0
백십삼,16,0
부안군주민지원센터,16,0
부안군수어통역센터,16,0
부산광역시농아인협회,16,0
부부싸움,16,0
부부,16,0
부럽다,16,0
강릉,16,0
백십오,16,0
부드럽다,16,0
부동산,16,0
백십육,16,0
부고,16,0
봉화군지부,16,0
백십이,16,0
강릉시청,16,0
강북,16,0
보건복지부,16,0
백이십육,16,0
백이십이,16,0
백팔십오,16,0
백팔십육,16,0
백팔십이,16,0
백팔십일,16,0
백팔십칠,16,0
백팔십팔,16,0
벗어나다,16,0
버릇,16,0
버스값,16,0
번거롭다,16,0
백이십오,16,0
벌꿀,16,0
백이십삼,16,0
백팔십삼,16,0
백팔십사,16,0
백팔십구,16,0
백팔십,16,0
백팔,16,0
백이십일,16,0
백이십칠,16,0
백이십팔,16,0
백칠십팔,16,0
백칠십칠,16,0
백칠십일,16,0
백일,16,0
백칠십이,16,0
백칠,16,0
백칠십오,16,0
백칠십삼,16,0
백칠십사,16,0
벌칙사항,16,0
벚꽃,16,0
보건복지,16,0
병명,16,0
백육십이,16,0
별거,16,0
백육십육,16,0
별미,16,0
병,16,0
병가,16,0
병문안,16,0
베다,16,0
백육십오,16,0
백육십삼,16,0
강물,16,0
병사,16,0
백육십사,16,0
병아리,16,0
백육십일,16,0
백육십칠,16,0
별,16,0
백육십팔,16,0
변화,16,0
변천,16,0
변제,16,0
변비,16,0
백이,16,0
백이십,16,0
변명,16,0
백이십구,16,0
변덕,16,0
벼락부자,16,0
백이십사,16,0
벨트,16,0
베트남,16,0
북구주민지원센터,16,0
부천,16,0
백수,16,0
사고력,16,0
백구십일,16,0
사감,16,0
백구십이,16,0
갑절,16,0
갑부,16,0
사계절,16,0
사고방식,16,0
삐치다,16,0
사골,16,0
사과,16,0
백구십육,16,0
사교,16,0
사기,16,0
백구십오,16,0
사,16,0
뽀뽀,16,0
사내,16,0
빚더미,16,0
비인간적,16,0
비좁다,16,0
빈말,16,0
빈털터리,16,0
북한,16,0
빗,16,0
강북구지부,16,0
백구십칠,16,0
강,16,0
빨강,16,0
값비싸다,16,0
뺨맞다,16,0
백만,16,0
백구십팔,16,0
사납다,16,0
사냥꾼,16,0
비빔밥,16,0
방화동로,16,0
사백오십,16,0
강서,16,0
강서구수어통역센터,16,0
강서구주민지원센터,16,0
배드민턴,16,0
사색,16,0
방충,16,0
배부르다,16,0
사생활,16,0
사십,16,0
사십구,16,0
사십만,16,0
방직공장,16,0
방직,16,0
감염병,16,0
배은,16,0
감히,16,0
사만오천,16,0
감옥살이,16,0
사립,16,0
백구십삼,16,0
사립학교,16,0
사만,16,0
백구십사,16,0
백구십구,16,0
사백,16,0
백구십,16,0
사모님,16,0
사무,16,0
사무실,16,0
백구,16,0
백,16,0
비율,16,0
빈혈,16,0
백삼십구,16,0
강남구지부,16,0
불성실,16,0
강동구수어통역센터,16,0
불쌍,16,0
백삼십삼,16,0
강남구청,16,0
백삼십사,16,0
백삼,16,0
강남구수어통역센터,16,0
백사십팔,16,0
백사십칠,16,0
불안,16,0
불알,16,0
불친절,16,0
백사십일,16,0
불복종,16,0
불면증,16,0
불면,16,0
불간섭,16,0
백삼십오,16,0
백삼십육,16,0
백삼십이,16,0
강동구주민지원센터,16,0
분홍조명,16,0
백삼십칠,16,0
분홍,16,0
강동구지부,16,0
백삼십팔,16,0
분필,16,0
분주하다,16,0
백석,16,0
분담,16,0
불필요,16,0
백칠십,16,0
불행,16,0
비교연구,16,0
비다,16,0
백사십,16,0
백사십사,16,0
백사십오,16,0
비닐하우스,16,0
붓다,16,0
비루,16,0
백사십육,16,0
백사십이,16,0
백사십삼,16,0
비,16,0
브라질,16,0
붕대,16,0
비등하다,16,0
10번째,15,0
팔백억,15,0
이모,15,0
방황,15,0
교명,15,0
12번째,15,0
백십,15,0
10만원,15,0
의왕시수어통역센터,15,0
포항시수화통역센터,15,0
무수막길,15,0
백일잔치,15,0
8번째,15,0
미안합니다,15,0
의성군주민지원센터,15,0
안동시청,15,0
백삼십일,15,0
식도염,15,0
양산시수화통역센터,15,0
익산시수어통역센터,15,0
안쓰럽다,15,0
홍성군수어통역센터,15,0
백오,15,0
문제지,15,0
안성시지부,15,0
3.1절,15,0
임실군주민지원센터,15,0
백사,15,0
교통법교육,15,0
수영구수어통역센터,15,0
양양군주민지원센터,15,0
양양군수어통역센터,15,0
교통,15,0
과천시수어통역센터,15,0
이력서,15,0
광업,15,0
수성구지부,15,0
순창군수어통역센터,15,0
백오십삼,15,0
광산구주민지원센터,15,0
경주,15,0
군책,15,0
결혼,15,0
고모,15,0
논산시지부,15,0
논산시수어통역센터,15,0
강남대학교,15,0
운동선수,15,0
불가리,15,0
분홍색,15,0
운전면허갱신,15,0
고성군수화통역센터,15,0
새터산길,15,0
새털,15,0
철모,15,0
부추기다,15,0
백칠십육,15,0
연착,15,0
연수구지부,15,0
연수구주민지원센터,15,0
만나다,15,0
전자기기,15,0
체험담,15,0
강릉시수어통역센터,15,0
논산시청,15,0
종합운동장,15,0
보은군주민지원센터,15,0
창녕군주민지원센터,15,0
지하위,15,0
사백오십만,15,0
증인,15,0
사십칠,15,0
대전농아인협회,15,0
완주군수어통역센터,15,0
증명,15,0
사백억,15,0
독서실,15,0
대덕수어통역센터,15,0
중요,15,0
진천군주민지원센터,15,0
사하구수어통역센터,15,0
경남,15,0
동구수어통역센터,15,0
경고,15,0
차량점검,15,0
용산구수어통역센터,15,0
동해시지부,15,0
예천군지부,15,0
삼십오억,15,0
화성시수어통역센터,15,0
남원시수어통역센터,15,0
김포시지부,15,0
성주시지부,15,0
횡성군주민지원센터,15,0
성동구수어통역센터,15,0
김해시수화통역센터,15,0
위쪼이다,15,0
성북구주민지원센터,15,0
표지판,15,0
감사합니다,15,0
보관,15,0
출근,15,0
성주시청,15,0
칠십육,15,0
유리그릇,15,0
여분,15,0
면제,15,0
엄마,15,0
장점,15,0
금욕,15,0
몇사람,15,15
긍정적,15,0
금정구주민지원센터,15,0
몽골,15,0
친가족,15,0
망우로,15,0
여주시지부,15,0
거제시수화통역센터,15,0
보성군수어통역센터,15,0
송파구수어통역센터,15,0
위로올리다,14,0
연수구수어통역센터,14,0
일조,14,0
일정하다,14,0
인천광역시농아인협회,14,0
세종특별자치시농아인협회,14,0
까먹다,14,0
보령시수어통역센터,14,0
겉멋,14,0
경북농아인협회,14,0
확인증,14,0
9번째,14,0
된장찌개,13,0
안고길,13,0
보여주다,13,0
말하다,13,0
창문,13,0
마이동풍,13,0
두다,12,0
어젯밤,12,0
속,12,0
할수있다,11,0
데모,11,0
배춧국,11,0
꽈배기,11,0
도움,11,0
좁다,10,0
어느,9,0
급하게,8,0
저거,8,0
빠지다,6,0
데려가다,6,0
가까이,6,0
드렁크,6,0
십자로,6,0
지연,5,0
대모,5,0
배추국,5,0
꽈베기,5,0
건너,5,0
안골길,4,0
귀신,4,0
옮기다,4,0
문자(앱),4,0
현금,4,0
대다,4,0
어제밤,4,0
새벽,4,0
내린다,4,0
환풍구,3,0
전화,3,0
열다,3,0
마이동품,3,0
정류장,3,0
당기다,3,0
자동차,3,0
때,3,0
된장찌게,3,0
호선,3,0
박물관,3,0
"차내리다
",3,0
한시간,2,0
ㅊ,2,0
경주농아인협회,2,0
걷다3,2,0
걷다6,2,0
24,2,0
걷다2,2,0
고속도로,2,0
계시다,2,0
5천,2,0
해봐,2,0
아동,2,0
도착서다,2,0
스스로,2,0
발생,2,0
낯선,2,0
이후,2,0
쇄뇌,2,0
천억,2,0
속성,2,0
요금내다,2,0
에러,2,0
이거,2,0
째려보다3,2,0
의미1,2,0
뚱뚱하다2,2,0
담당2,2,0
떨다2,2,0
집,2,0
복사,2,0
서구지부1,2,0
서구주민지원센터2,2,0
서구수어통역센터1,2,0
지역이름,2,0
때리다3,2,0
새롭다,2,0
샀다,2,0
자다3,2,0
들다,2,0
살인2,2,0
종로가,2,0
옷,2,0
빼다,2,0
말,2,0
만족,2,0
금액,2,0
충천,2,0
잠실1,2,0
신호동,2,0
몸2,2,0
장사,2,0
쿠폰,2,0
금산군지부,2,0
카카오톡,2,0
무수막갈,2,0
밍우로,2,0
초대3,2,0
나라,2,0
호텔대학교,1,0
뻔뻔2,1,0
부러지다,1,0
잃다,1,0
분혹색,1,0
불가능2,1,0
불신1,1,0
우습다1,1,0
"임실군주민지원센터
",1,0
우유2,1,0
용마공원길,1,0
우유1,1,0
강릉수어통역센터,1,0
문래로로,1,0
자다1,1,0
"우유
",1,0
자다2,1,0
"익산시수어통역센터
",1,0
밀거래1,1,0
일어나다2,1,0
복습2,1,0
바꾸기,1,0
"방법
",1,0
밉다3,1,0
배려1,1,0
배려2,1,0
밉다2,1,0
배려3,1,0
"백사
",1,0
"홍은중앙길
",1,0
"백오
",1,0
의문1,1,0
보령수어통역센터,1,0
밉다1,1,0
위례중앙길,1,0
밀거래2,1,0
받다(돈),1,0
일어나다1,1,0
"확인증
",1,0
평창로,1,0
요금,1,0
신기2,1,0
가로공원길,1,0
어렵다1,1,0
가다4,1,0
가다3,1,0
가능1,1,0
야단치다3,1,0
야단치다2,1,0
U,1,0
야단치다1,1,0
압축,1,0
신기1,1,0
5천원,1,0
알다1,1,0
없다1,1,0
안타깝다2,1,0
안성지부,1,0
싫다1,1,0
싫다2,1,0
쓰러지다1,1,0
10번쨰,1,0
쓰러지다2,1,0
쓰려지다,1,0
아기1,1,0
0만원,1,0
.절,1,0
",곳",1,0
없다',1,0
없다2,1,0
사라지다1,1,0
"새터산길
",1,0
사라지다3,1,0
감옥2,1,0
완완주군수어통역센터,1,0
사별1,1,0
감사하다,1,0
살인1,1,0
삼봉중앙로,1,0
황소고집1,1,0
예민1,1,0
갈색2,1,0
"상원길
",1,0
새깃털,1,0
새터산로,1,0
"세종특별자치시농아인협회
",1,0
샘마을기,1,0
서구주민지원센터1,1,0
서다1,1,0
서다2,1,0
연희맛길,1,0
서빙고길,1,0
 알려주다,1,0
역,1,0
여주지부,1,0
여자2,1,0
여자1,1,0
세종시농아인협회,1,0
거만2,1,0
잠실2,1,0
무식2,1,0
무식1,1,0
논산시지회,1,0
농수산시장길,1,0
눈2,1,0
다산길,1,0
닫다,1,0
달래다1,1,0
달래다2,1,0
고난이도2,1,0
고난이도1,1,0
째려보다2,1,0
째려보다1,1,0
담당1,1,0
집중2,1,0
집중1,1,0
당황1,1,0
"진천군주민지원센터
",1,0
대방동길 ,1,0
직인1,1,0
대충,1,0
도서관,1,0
지도3,1,0
지도2,1,0
지도1,1,0
한국농아인협회2,1,0
한국농아인협회3,1,0
"도신로
",1,0
지나가다,1,0
"하남시청
",1,0
"논산시수어통역센터
",1,0
네모,1,0
귀찮다1,1,0
평가2,1,0
폐업1,1,0
편두통,1,0
광산구주민센터,1,0
"교통법교육

",1,0
탄광,1,0
구조1,1,0
국립,1,0
고항,1,0
"카드
",1,0
"군책
",1,0
귀엽다1,1,0
귀찮다2,1,0
첫,1,0
그림,1,0
금산군주민지원센터,1,0
"금욕
",1,0
급하다2,1,0
"김해시수화통역센터
",1,0
초대2,1,0
초대1,1,0
남녀1,1,0
남녀2,1,0
"필요
",1,0
남자1,1,0
남자2,1,0
중요하다,1,0
독특1,1,0
돈화문로 ,1,0
맹세1,1,0
마포(복숭아),1,0
마표대교,1,0
검사2,1,0
만나서,1,0
전문2,1,0
전문1,1,0
걷다5,1,0
걷다4,1,0
전기기기,1,0
걷다1,1,0
맞다1,1,0
맞습니다,1,0
머른내로,1,0
점검,1,0
"면제
",1,0
몇+사람,1,0
몸1,1,0
공식2,1,0
거지3,1,0
거지2,1,0
잠깐만,1,0
잠,1,0
무덤덤1,1,0
무덤덤2,1,0
거재수화통역센터,1,0
"무례
",1,0
"마천로
",1,0
"마곡중앙로
",1,0
중독1,1,0
죄송하다,1,0
돌아다니다,1,0
경동시장길,1,0
"돕다
",1,0
중구지부2,1,0
중구지부1,1,0
"경기농아인협회
",1,0
중구주민지원센터2,1,0
중구주민지원센터1,1,0
중구수어통역센터2,1,0
중구수어통역센터1,1,0
경계,1,0
주다(돈),1,0
좋다1,1,0
뚱뚱하다3,1,0
두산길,1,0
들곶이로,1,0
결심2,1,0
결심1,1,0
결승전2,1,0
결승전1,1,0
때리다1,1,0
때리다2,1,0
떨다1,1,0
견습2,1,0
견습1,1,0
뚱뚱하다1,1,0
 고장,1,0
